Date,Open,930,315,Close,Volume
2017-01-02,8210.1,8163.65,8178.25,8179.2,0
2017-01-03,8195.25,8155.9,8189.75,8189.05,0
2017-01-04,8200.8,8199.05,8188.55,8196.35,0
2017-01-05,8226.65,8250.0,8272.5,8270.5,0
2017-01-06,8283.0,8294.5,8242.35,8248.2,0
2017-01-09,8259.1,8238.25,8235.45,8234.55,0
2017-01-10,8262.7,8268.9,8284.6,8290.3,0
2017-01-11,8329.85,8342.45,8379.75,8374.3,0
2017-01-12,8391.05,8412.55,8407.15,8409.15,0
2017-01-13,8457.65,8408.8,8398.3,8397.8,0
2017-01-16,8390.95,8385.25,8410.35,8418.7,0
2017-01-17,8415.05,8432.35,8402.05,8388.8,0
2017-01-18,8408.95,8451.1,8422.15,8413.75,0
2017-01-19,8418.4,8418.4,8434.35,8431.2,0
2017-01-20,8404.35,8409.9,8346.95,8343.85,0
2017-01-23,8329.6,8388.05,8390.95,8398.0,0
2017-01-24,8407.05,8426.6,8472.9,8476.75,0
2017-01-25,8499.45,8517.75,8605.85,8597.5,0
2017-01-27,8610.5,8653.65,8642.95,8641.95,0
2017-01-30,8635.45,8624.95,8630.5,8633.7,0
2017-01-31,8629.45,8588.75,8566.1,8556.55,0
2017-02-01,8570.35,8564.95,8717.65,8715.5,0
2017-02-02,8725.15,8722.4,8729.75,8722.3,0
2017-02-03,8735.15,8733.3,8743.1,8738.55,0
2017-02-06,8785.45,8802.05,8801.05,8796.1,0
2017-02-07,8805.7,8785.7,8764.55,8770.75,0
2017-02-08,8774.55,8774.05,8774.95,8775.8,0
2017-02-09,8795.55,8813.15,8782.15,8786.55,0
2017-02-10,8812.35,8801.35,8792.0,8794.05,0
2017-02-13,8818.85,8803.5,8808.7,8802.05,0
2017-02-14,8819.9,8786.0,8797.35,8784.15,0
2017-02-15,8777.65,8790.75,8726.5,8728.2,0
2017-02-16,8739.0,8728.45,8778.85,8777.8,0
2017-02-17,8883.7,8815.3,8821.75,8816.95,0
2017-02-20,8818.55,8823.05,8864.85,8884.25,0
2017-02-21,8890.75,8885.15,8909.9,8903.25,0
2017-02-22,8931.45,8926.95,8931.4,8930.1,0
2017-02-23,8952.55,8949.95,8929.3,8941.2,0
2017-02-27,8943.7,8948.45,8899.5,8896.45,0
2017-02-28,8898.95,8895.1,8873.05,8875.2,0
2017-03-01,8904.4,8938.0,8948.15,8941.8,0
2017-03-02,8982.85,8982.45,8889.55,8893.9,0
2017-03-03,8885.55,8883.95,8891.75,8902.2,0
2017-03-06,8915.1,8946.45,8965.6,8962.6,0
2017-03-07,8977.75,8954.35,8946.1,8944.95,0
2017-03-08,8950.7,8948.6,8925.5,8923.85,0
2017-03-09,8914.5,8914.95,8926.75,8927.8,0
2017-03-10,8953.7,8952.25,8930.45,8936.85,0
2017-03-14,9091.65,9064.45,9089.9,9073.35,0
2017-03-15,9086.85,9082.4,9090.65,9082.6,0
2017-03-16,9129.65,9143.65,9153.3,9157.3,0
2017-03-17,9207.8,9181.15,9158.45,9152.15,0
2017-03-20,9166.95,9136.0,9126.65,9129.55,0
2017-03-21,9133.95,9136.55,9122.75,9126.1,0
2017-03-22,9047.2,9062.1,9030.45,9027.65,0
2017-03-23,9048.75,9065.65,9088.95,9081.8,0
2017-03-24,9104.0,9116.95,9107.55,9100.4,0
2017-03-27,9093.45,9080.2,9044.15,9052.9,0
2017-03-28,9081.5,9091.7,9097.1,9108.3,0
2017-03-29,9128.7,9114.35,9146.15,9145.05,0
2017-03-30,9142.6,9166.45,9172.95,9158.95,0
2017-03-31,9158.9,9171.8,9170.3,9170.7,0
2017-04-03,9220.6,9197.4,9235.65,9243.0,0
2017-04-05,9264.4,9237.0,9270.8,9256.9,0
2017-04-06,9245.8,9235.9,9264.4,9256.65,0
2017-04-07,9223.7,9235.9,9193.5,9196.9,0
2017-04-10,9225.6,9198.9,9182.4,9176.8,0
2017-04-11,9184.55,9197.5,9236.0,9233.8,0
2017-04-12,9242.5,9211.1,9207.55,9201.05,0
2017-04-13,9202.5,9180.5,9149.45,9147.3,0
2017-04-17,9144.75,9131.75,9135.6,9139.35,0
2017-04-18,9163.0,9209.05,9107.5,9100.45,0
2017-04-19,9112.2,9104.15,9099.65,9114.05,0
2017-04-20,9108.1,9115.0,9141.05,9136.1,0
2017-04-21,9179.1,9155.45,9118.05,9119.3,0
2017-04-24,9135.35,9149.8,9219.55,9217.7,0
2017-04-25,9273.05,9260.5,9306.45,9303.75,0
2017-04-26,9336.2,9340.05,9357.4,9344.1,0
2017-04-27,9359.15,9346.05,9338.8,9328.7,0
2017-04-28,9340.95,9309.45,9299.6,9304.65,0
2017-05-02,9339.85,9340.75,9313.15,9317.3,0
2017-05-03,9344.7,9326.35,9311.15,9304.0,0
2017-05-04,9360.95,9350.65,9361.1,9356.75,0
2017-05-05,9374.55,9325.5,9284.45,9277.6,0
2017-05-08,9311.45,9308.05,9319.85,9310.75,0
2017-05-09,9337.35,9314.55,9318.2,9317.3,0
2017-05-10,9339.65,9359.35,9405.9,9412.45,0
2017-05-11,9448.6,9433.3,9426.65,9412.4,0
2017-05-12,9436.65,9397.5,9397.6,9408.55,0
2017-05-15,9433.55,9428.65,9446.2,9445.6,0
2017-05-16,9461.0,9486.1,9511.05,9510.25,0
2017-05-17,9517.6,9505.6,9529.6,9516.55,0
2017-05-18,9453.2,9479.5,9436.8,9423.75,0
2017-05-19,9469.9,9491.25,9420.95,9435.4,0
2017-05-22,9480.25,9473.8,9436.05,9438.0,0
2017-05-23,9445.05,9402.55,9383.2,9379.4,0
2017-05-24,9410.9,9397.8,9360.55,9370.15,0
2017-05-25,9384.05,9407.95,9515.6,9501.25,0
2017-05-26,9507.75,9536.65,9595.2,9580.9,0
2017-05-29,9560.05,9613.15,9603.25,9598.45,0
2017-05-30,9590.65,9617.85,9620.85,9625.85,0
2017-05-31,9636.55,9623.2,9624.65,9625.7,0
2017-06-01,9603.55,9626.85,9617.65,9616.6,0
2017-06-02,9657.15,9648.95,9654.6,9642.35,0
2017-06-05,9656.3,9655.45,9674.25,9676.45,0
2017-06-06,9704.25,9655.0,9634.75,9636.9,0
2017-06-07,9663.95,9662.35,9665.05,9662.15,0
2017-06-08,9682.4,9647.65,9646.2,9642.7,0
2017-06-09,9638.55,9615.25,9667.0,9666.65,0
2017-06-12,9646.7,9630.95,9616.2,9618.1,0
2017-06-13,9615.55,9638.55,9613.85,9597.5,0
2017-06-14,9621.55,9606.25,9616.95,9613.0,0
2017-06-15,9617.9,9605.1,9579.45,9574.15,0
2017-06-16,9595.45,9595.85,9589.6,9578.0,0
2017-06-19,9626.4,9631.4,9658.1,9654.15,0
2017-06-20,9670.5,9665.15,9655.85,9649.95,0
2017-06-21,9648.1,9617.35,9629.45,9636.45,0
2017-06-22,9642.65,9665.25,9636.9,9624.0,0
2017-06-23,9643.25,9606.35,9573.25,9576.15,0
2017-06-27,9594.05,9558.6,9518.75,9509.8,0
2017-06-28,9520.2,9499.05,9493.35,9492.8,0
2017-06-29,9522.95,9551.45,9500.1,9494.25,0
2017-06-30,9478.5,9465.3,9517.5,9524.95,0
2017-07-03,9587.95,9554.45,9611.3,9615.55,0
2017-07-04,9645.9,9637.5,9613.0,9610.65,0
2017-07-05,9619.75,9611.4,9639.45,9641.35,0
2017-07-06,9653.6,9657.4,9671.95,9668.95,0
2017-07-07,9670.35,9660.7,9664.6,9665.35,0
2017-07-10,9698.25,9668.1,9771.55,9762.2,0
2017-07-11,9797.45,9802.65,9791.35,9786.4,0
2017-07-12,9807.3,9818.7,9814.45,9822.85,0
2017-07-13,9855.8,9868.45,9891.75,9886.25,0
2017-07-14,9913.3,9883.55,9887.0,9886.7,0
2017-07-17,9908.15,9898.8,9919.05,9913.65,0
2017-07-18,9832.7,9871.7,9829.95,9828.45,0
2017-07-19,9855.95,9863.4,9897.25,9902.05,0
2017-07-20,9920.2,9903.45,9872.05,9870.9,0
2017-07-21,9899.6,9904.8,9916.9,9914.15,0
2017-07-24,9936.8,9932.8,9966.1,9965.55,0
2017-07-25,10010.55,9984.6,9961.75,9964.8,0
2017-07-26,9983.65,9983.4,10021.9,10020.3,0
2017-07-27,10063.25,10084.65,10017.45,10020.6,0
2017-07-28,9996.55,9978.1,10014.8,10002.95,0
2017-07-31,10034.7,10036.05,10078.85,10076.95,0
2017-08-01,10101.05,10091.8,10118.55,10120.35,0
2017-08-02,10136.3,10113.85,10091.55,10058.1,0
2017-08-03,10081.15,10052.3,10020.25,10003.85,0
2017-08-04,10008.6,10020.7,10070.65,10068.5,0
2017-08-07,10074.8,10074.5,10054.8,10049.6,0
2017-08-08,10068.35,10059.85,9972.15,9977.1,0
2017-08-09,9961.15,9951.85,9911.65,9900.3,0
2017-08-10,9872.85,9845.9,9814.95,9850.0,0
2017-08-11,9712.15,9735.5,9717.3,9712.95,0
2017-08-14,9755.75,9787.15,9797.0,9790.85,0
2017-08-16,9825.85,9784.45,9895.65,9900.65,0
2017-08-17,9945.55,9933.05,9889.8,9903.85,0
2017-08-18,9865.95,9835.3,9843.35,9834.45,0
2017-08-21,9864.25,9867.85,9754.9,9751.45,0
2017-08-22,9815.75,9764.9,9765.35,9775.1,0
2017-08-23,9803.05,9798.45,9854.45,9847.6,0
2017-08-24,9881.2,9868.05,9863.4,9865.7,0
2017-08-28,9907.15,9899.85,9915.8,9911.9,0
2017-08-29,9886.4,9861.45,9795.4,9793.0,0
2017-08-30,9859.5,9875.4,9882.5,9886.35,0
2017-08-31,9905.7,9872.95,9918.85,9915.8,0
2017-09-01,9937.65,9943.25,9978.75,9971.05,0
2017-09-04,9984.15,9960.0,9918.8,9904.35,0
2017-09-05,9933.25,9944.25,9955.25,9946.5,0
2017-09-06,9899.25,9905.2,9911.65,9915.15,0
2017-09-07,9945.85,9944.95,9935.5,9924.0,0
2017-09-08,9958.65,9959.75,9938.1,9924.4,0
2017-09-11,9971.75,9981.7,10007.2,10005.95,0
2017-09-12,10056.85,10034.6,10092.85,10087.6,0
2017-09-13,10099.25,10109.5,10069.9,10085.7,0
2017-09-14,10107.4,10120.8,10083.8,10087.0,0
2017-09-15,10062.35,10049.65,10085.2,10085.4,0
2017-09-18,10133.1,10165.95,10151.7,10154.4,0
2017-09-19,10175.6,10147.35,10147.8,10149.35,0
2017-09-20,10160.95,10164.7,10141.4,10139.55,0
2017-09-21,10139.6,10145.8,10125.45,10123.6,0
2017-09-22,10094.35,10044.65,9965.05,9963.6,0
2017-09-25,9960.1,9888.9,9876.0,9875.6,0
2017-09-26,9875.25,9858.95,9873.45,9855.25,0
2017-09-27,9920.6,9860.95,9726.4,9738.3,0
2017-09-28,9736.4,9713.05,9764.05,9760.2,0
2017-09-29,9814.3,9822.75,9784.15,9782.95,0
2017-10-03,9893.3,9852.6,9861.4,9854.75,0
2017-10-04,9884.35,9882.55,9911.0,9924.5,0
2017-10-05,9927.0,9926.95,9883.7,9887.1,0
2017-10-06,9908.15,9934.15,9982.95,9987.2,0
2017-10-09,9988.2,9996.8,9990.9,9987.95,0
2017-10-10,10013.7,10010.8,10018.1,10013.8,0
2017-10-11,10042.6,10057.05,9983.2,9970.1,0
2017-10-12,10011.2,10010.75,10097.8,10098.0,0
2017-10-13,10123.7,10145.35,10169.45,10161.75,0
2017-10-16,10207.4,10240.2,10226.55,10233.05,0
2017-10-17,10227.65,10222.9,10235.25,10238.35,0
2017-10-18,10209.4,10205.7,10203.65,10214.8,0
2017-10-19,10210.35,10192.5,10139.15,10125.95,0
2017-10-23,10176.65,10192.1,10189.95,10191.3,0
2017-10-24,10218.55,10206.55,10210.65,10207.7,0
2017-10-25,10321.15,10264.95,10300.7,10293.75,0
2017-10-26,10291.8,10275.2,10345.75,10336.3,0
2017-10-27,10362.3,10342.9,10320.15,10319.2,0
2017-10-30,10353.85,10370.5,10365.95,10365.25,0
2017-10-31,10364.9,10361.35,10334.0,10340.0,0
2017-11-01,10390.35,10412.5,10441.15,10441.55,0
2017-11-02,10440.5,10441.5,10422.5,10425.45,0
2017-11-03,10461.55,10411.2,10449.45,10453.65,0
2017-11-06,10431.75,10433.85,10455.3,10435.8,0
2017-11-07,10477.15,10477.65,10348.2,10351.4,0
2017-11-08,10361.95,10373.4,10306.8,10313.8,0
2017-11-09,10358.65,10356.85,10304.5,10324.6,0
2017-11-10,10304.35,10289.4,10338.25,10334.4,0
2017-11-13,10322.0,10304.75,10228.1,10222.6,0
2017-11-14,10223.4,10227.55,10179.9,10181.65,0
2017-11-15,10171.95,10151.1,10122.4,10129.55,0
2017-11-16,10152.9,10148.0,10208.9,10231.45,0
2017-11-17,10324.55,10331.85,10287.45,10274.75,0
2017-11-20,10287.2,10282.8,10301.65,10297.05,0
2017-11-21,10329.25,10326.8,10326.95,10321.25,0
2017-11-22,10350.8,10349.2,10339.75,10346.85,0
2017-11-23,10358.45,10356.75,10348.0,10350.95,0
2017-11-24,10366.8,10378.3,10389.5,10393.3,0
2017-11-27,10361.05,10358.2,10400.45,10404.65,0
2017-11-28,10387.9,10377.4,10372.05,10363.8,0
2017-11-29,10376.65,10369.2,10366.5,10350.65,0
2017-11-30,10332.7,10304.7,10222.05,10229.45,0
2017-12-01,10263.7,10259.15,10125.05,10119.8,0
2017-12-04,10175.05,10124.3,10123.9,10137.9,0
2017-12-05,10118.25,10077.7,10114.95,10122.15,0
2017-12-06,10088.8,10101.2,10043.05,10039.65,0
2017-12-07,10063.45,10087.7,10173.8,10172.7,0
2017-12-08,10198.45,10228.25,10263.6,10267.85,0
2017-12-11,10310.5,10309.85,10320.4,10326.05,0
2017-12-12,10324.9,10298.25,10242.85,10241.75,0
2017-12-13,10236.6,10230.4,10196.8,10202.75,0
2017-12-14,10229.3,10189.1,10253.3,10258.85,0
2017-12-15,10345.65,10364.65,10337.05,10326.8,0
2017-12-18,10263.1,10309.25,10392.0,10390.8,0
2017-12-19,10414.8,10417.4,10466.5,10469.5,0
2017-12-20,10494.4,10456.9,10443.35,10443.2,0
2017-12-21,10473.95,10454.6,10443.0,10429.65,0
2017-12-22,10457.3,10457.7,10498.1,10486.6,0
2017-12-26,10512.3,10495.45,10529.2,10525.6,0
2017-12-27,10531.05,10535.8,10503.7,10475.1,0
2017-12-28,10498.2,10506.45,10472.2,10467.0,0
2017-12-29,10492.35,10511.25,10534.35,10526.45,0
2018-01-01,10531.7,10523.85,10443.25,10432.45,0
2018-01-02,10477.55,10447.35,10445.1,10439.55,0
2018-01-03,10482.65,10467.1,10440.65,10446.75,0
2018-01-04,10469.4,10460.05,10503.95,10505.35,0
2018-01-05,10534.25,10545.35,10555.3,10561.35,0
2018-01-08,10591.7,10615.95,10625.8,10617.85,0
2018-01-09,10645.1,10615.65,10636.75,10628.3,0
2018-01-10,10652.05,10637.75,10636.25,10625.4,0
2018-01-11,10637.05,10615.9,10651.5,10650.4,0
2018-01-12,10682.55,10679.95,10686.85,10667.3,0
2018-01-15,10718.5,10741.2,10740.35,10732.85,0
2018-01-16,10761.5,10759.0,10698.25,10711.15,0
2018-01-17,10702.45,10713.65,10788.55,10794.3,0
2018-01-18,10873.4,10875.0,10816.65,10822.1,0
2018-01-19,10829.2,10799.6,10890.05,10900.05,0
2018-01-22,10883.2,10907.2,10956.75,10958.75,0
2018-01-23,10997.4,11022.65,11087.9,11083.55,0
2018-01-24,11069.35,11068.25,11091.5,11084.65,0
2018-01-25,11095.6,11074.9,11074.8,11064.55,0
2018-01-29,11079.35,11140.0,11133.05,11124.7,0
2018-01-30,11120.85,11065.8,11049.9,11049.45,0
2018-01-31,11018.8,11043.15,11026.8,11030.7,0
2018-02-01,11044.55,11067.8,11020.35,11020.6,0
2018-02-02,10938.2,10946.35,10771.95,10737.5,0
2018-02-05,10604.3,10644.1,10662.6,10690.75,0
2018-02-06,10295.15,10365.35,10478.5,10520.35,0
2018-02-07,10607.2,10546.55,10479.65,10459.5,0
2018-02-08,10518.5,10545.7,10584.65,10579.3,0
2018-02-09,10416.5,10440.85,10461.55,10466.8,0
2018-02-12,10518.2,10516.45,10539.15,10535.1,0
2018-02-14,10585.75,10543.95,10503.0,10459.8,0
2018-02-15,10537.9,10540.4,10548.3,10549.7,0
2018-02-16,10596.2,10583.95,10455.65,10451.85,0
2018-02-19,10488.9,10417.7,10376.5,10387.95,0
2018-02-20,10391.0,10422.6,10353.15,10357.65,0
2018-02-21,10426.0,10364.65,10395.7,10395.15,0
2018-02-22,10354.35,10349.4,10380.35,10377.8,0
2018-02-23,10408.1,10412.15,10487.25,10492.55,0
2018-02-26,10526.55,10545.85,10586.6,10576.7,0
2018-02-27,10615.2,10591.85,10555.3,10551.05,0
2018-02-28,10488.95,10494.2,10492.25,10487.95,0
2018-03-01,10479.95,10505.85,10459.3,10449.95,0
2018-03-05,10428.3,10372.4,10359.85,10357.3,0
2018-03-06,10420.5,10432.95,10263.55,10223.6,0
2018-03-07,10232.95,10214.15,10149.9,10163.55,0
2018-03-08,10216.25,10188.15,10227.3,10236.35,0
2018-03-09,10271.3,10267.45,10225.95,10229.8,0
2018-03-12,10301.6,10316.5,10427.6,10423.55,0
2018-03-13,10389.5,10426.0,10410.4,10425.2,0
2018-03-14,10393.05,10381.0,10409.0,10415.65,0
2018-03-15,10405.45,10394.1,10364.4,10352.25,0
2018-03-16,10345.15,10324.9,10189.3,10220.05,0
2018-03-19,10215.35,10194.6,10087.15,10093.95,0
2018-03-20,10051.55,10103.45,10118.5,10138.2,0
2018-03-21,10181.95,10191.6,10164.65,10154.95,0
2018-03-22,10167.5,10194.65,10111.2,10106.65,0
2018-03-23,9968.8,9978.15,10005.8,9986.8,0
2018-03-26,9989.15,9992.7,10135.25,10140.8,0
2018-03-27,10188.0,10202.1,10183.3,10183.55,0
2018-03-28,10143.6,10135.85,10103.05,10121.25,0
2018-04-02,10151.65,10149.9,10212.05,10217.0,0
2018-04-03,10186.85,10217.35,10244.4,10244.4,0
2018-04-04,10274.6,10257.1,10135.4,10119.9,0
2018-04-05,10228.45,10238.7,10322.75,10327.65,0
2018-04-06,10322.75,10306.9,10332.15,10320.95,0
2018-04-09,10333.7,10371.25,10383.85,10373.35,0
2018-04-10,10412.9,10415.2,10400.75,10401.35,0
2018-04-11,10428.15,10378.4,10421.65,10414.05,0
2018-04-12,10410.65,10420.2,10460.2,10454.15,0
2018-04-13,10495.3,10483.15,10478.8,10483.7,0
2018-04-16,10398.3,10464.7,10523.3,10530.7,0
2018-04-17,10557.3,10542.2,10547.7,10547.55,0
2018-04-18,10578.9,10544.35,10531.7,10536.65,0
2018-04-19,10563.65,10563.85,10563.35,10568.1,0
2018-04-20,10560.35,10545.3,10559.9,10579.85,0
2018-04-23,10592.8,10566.45,10585.8,10582.8,0
2018-04-24,10578.1,10594.5,10610.75,10620.35,0
2018-04-25,10612.4,10601.15,10571.6,10564.55,0
2018-04-26,10586.5,10585.35,10622.95,10615.55,0
2018-04-27,10651.65,10682.55,10693.95,10694.7,0
2018-04-30,10705.75,10741.2,10738.65,10740.9,0
2018-05-02,10783.85,10739.3,10724.85,10716.8,0
2018-05-03,10720.15,10682.65,10675.25,10669.8,0
2018-05-04,10700.45,10652.2,10617.75,10614.85,0
2018-05-07,10653.15,10642.85,10713.6,10722.75,0
2018-05-08,10757.9,10726.85,10715.45,10714.3,0
2018-05-09,10693.35,10719.95,10746.4,10748.55,0
2018-05-10,10779.65,10771.15,10711.95,10710.35,0
2018-05-11,10741.95,10728.15,10802.65,10798.55,0
2018-05-14,10815.15,10827.45,10812.25,10797.1,0
2018-05-15,10812.6,10865.75,10805.35,10804.05,0
2018-05-16,10751.95,10716.2,10747.45,10742.75,0
2018-05-17,10775.6,10742.15,10672.7,10677.6,0
2018-05-18,10671.85,10636.75,10599.6,10604.45,0
2018-05-21,10616.7,10613.45,10520.35,10520.35,0
2018-05-22,10518.45,10531.7,10536.75,10543.25,0
2018-05-23,10521.1,10514.7,10420.95,10428.55,0
2018-05-24,10464.85,10446.0,10513.15,10533.35,0
2018-05-25,10533.05,10554.8,10596.85,10611.2,0
2018-05-28,10648.35,10665.9,10689.9,10683.1,0
2018-05-29,10689.4,10691.1,10636.95,10630.95,0
2018-05-30,10579.0,10580.1,10612.3,10616.7,0
2018-05-31,10670.1,10636.4,10733.2,10731.9,0
2018-06-01,10738.45,10754.9,10701.35,10686.45,0
2018-06-04,10765.95,10673.6,10635.1,10624.55,0
2018-06-05,10630.7,10610.1,10588.15,10605.75,0
2018-06-06,10603.45,10603.85,10683.1,10687.85,0
2018-06-07,10722.6,10755.5,10773.75,10762.2,0
2018-06-08,10736.4,10740.35,10772.65,10759.35,0
2018-06-11,10781.85,10807.05,10781.95,10781.95,0
2018-06-12,10816.15,10801.6,10837.4,10852.35,0
2018-06-13,10887.5,10853.55,10858.2,10855.05,0
2018-06-14,10832.9,10815.5,10805.7,10810.1,0
2018-06-15,10808.65,10803.5,10825.0,10815.85,0
2018-06-18,10830.2,10799.2,10797.0,10795.05,0
2018-06-19,10789.45,10759.75,10713.1,10711.3,0
2018-06-20,10734.65,10728.5,10774.7,10773.3,0
2018-06-21,10808.45,10769.75,10743.7,10741.95,0
2018-06-22,10742.7,10723.4,10828.3,10824.35,0
2018-06-25,10822.9,10822.45,10763.75,10758.25,0
2018-06-26,10742.7,10770.25,10768.45,10764.05,0
2018-06-27,10785.5,10767.45,10664.35,10667.45,0
2018-06-28,10660.8,10645.95,10587.5,10593.9,0
2018-06-29,10612.85,10658.25,10718.1,10711.4,0
2018-07-02,10732.35,10670.15,10659.1,10651.75,0
2018-07-03,10668.6,10670.25,10695.35,10707.85,0
2018-07-04,10715.0,10682.4,10771.35,10771.65,0
2018-07-05,10786.05,10775.15,10755.5,10753.4,0
2018-07-06,10744.15,10776.45,10768.35,10770.0,0
2018-07-09,10838.3,10825.0,10851.15,10851.05,0
2018-07-10,10902.75,10915.05,10944.95,10947.1,0
2018-07-11,10956.4,10964.55,10951.0,10942.2,0
2018-07-12,11006.95,11021.55,11026.95,11015.3,0
2018-07-13,11056.9,11063.5,11025.8,11021.95,0
2018-07-16,11018.95,10992.65,10941.6,10940.7,0
2018-07-17,10939.65,10969.1,11004.35,11015.15,0
2018-07-18,11060.2,11039.4,10981.3,10983.45,0
2018-07-19,10999.5,10947.8,10954.85,10967.2,0
2018-07-20,10963.5,10984.25,11010.15,11011.95,0
2018-07-23,11019.85,11046.55,11086.35,11079.05,0
2018-07-24,11109.0,11128.7,11135.5,11133.15,0
2018-07-25,11148.4,11142.0,11140.4,11122.9,0
2018-07-26,11132.95,11162.6,11166.95,11184.25,0
2018-07-27,11232.75,11232.9,11278.7,11273.6,0
2018-07-30,11296.65,11304.35,11323.45,11312.9,0
2018-07-31,11311.05,11295.25,11357.25,11357.25,0
2018-08-01,11359.8,11373.15,11349.65,11321.35,0
2018-08-02,11328.9,11275.15,11251.15,11238.15,0
2018-08-03,11297.8,11318.65,11358.1,11362.25,0
2018-08-06,11401.5,11418.4,11389.2,11389.25,0
2018-08-07,11423.15,11388.85,11386.75,11389.1,0
2018-08-08,11412.5,11389.55,11449.3,11455.2,0
2018-08-09,11493.25,11477.0,11472.5,11471.1,0
2018-08-10,11474.95,11456.95,11432.65,11421.3,0
2018-08-13,11369.6,11352.25,11357.8,11363.35,0
2018-08-14,11381.7,11406.25,11439.05,11433.7,0
2018-08-16,11397.15,11407.8,11382.2,11391.2,0
2018-08-17,11437.15,11458.8,11473.0,11465.55,0
2018-08-20,11502.1,11535.5,11549.4,11554.55,0
2018-08-21,11576.2,11547.95,11570.5,11571.25,0
2018-08-23,11620.7,11588.8,11587.15,11578.5,0
2018-08-24,11566.6,11596.95,11560.75,11556.3,0
2018-08-27,11605.85,11655.75,11688.45,11696.8,0
2018-08-28,11731.95,11723.5,11739.2,11743.75,0
2018-08-29,11744.95,11733.1,11687.4,11686.95,0
2018-08-30,11694.75,11673.8,11678.05,11679.55,0
2018-08-31,11675.85,11723.3,11685.95,11675.45,0
2018-09-03,11751.8,11709.65,11585.2,11571.05,0
2018-09-04,11598.75,11551.05,11515.45,11523.15,0
2018-09-05,11514.85,11529.25,11474.65,11471.3,0
2018-09-06,11514.15,11496.95,11527.65,11519.15,0
2018-09-07,11558.25,11493.75,11595.05,11586.05,0
2018-09-10,11570.25,11535.55,11440.4,11439.5,0
2018-09-11,11476.85,11446.6,11285.05,11282.0,0
2018-09-12,11340.1,11288.1,11366.2,11370.2,0
2018-09-14,11443.5,11438.25,11515.8,11510.75,0
2018-09-17,11464.95,11414.2,11376.7,11371.6,0
2018-09-18,11381.55,11375.65,11275.85,11282.25,0
2018-09-19,11326.65,11289.75,11228.05,11237.15,0
2018-09-21,11271.3,11336.55,11149.45,11160.55,0
2018-09-24,11164.4,11093.4,10960.65,10974.7,0
2018-09-25,10969.95,10908.6,11075.25,11080.05,0
2018-09-26,11145.55,11066.8,11061.95,11047.05,0
2018-09-27,11079.8,11067.05,10976.25,10985.95,0
2018-09-28,11008.1,10956.8,10954.8,10931.75,0
2018-10-01,10930.9,10909.75,11006.9,11014.6,0
2018-10-03,10982.7,10915.4,10859.65,10850.45,0
2018-10-04,10754.7,10699.05,10631.1,10552.7,0
2018-10-05,10514.1,10495.2,10316.55,10263.55,0
2018-10-08,10310.15,10255.5,10372.45,10352.75,0
2018-10-09,10390.3,10357.35,10295.55,10291.8,0
2018-10-10,10331.85,10379.95,10452.35,10462.7,0
2018-10-11,10169.8,10190.8,10226.8,10248.3,0
2018-10-12,10331.55,10395.4,10478.0,10465.2,0
2018-10-15,10524.2,10448.5,10516.5,10517.7,0
2018-10-16,10550.15,10577.75,10590.45,10576.45,0
2018-10-17,10688.7,10654.8,10455.05,10458.45,0
2018-10-19,10339.7,10318.65,10301.5,10316.55,0
2018-10-22,10405.85,10326.3,10233.6,10252.55,0
2018-10-23,10152.6,10165.5,10148.95,10184.35,0
2018-10-24,10278.15,10233.9,10241.25,10239.9,0
2018-10-25,10135.05,10148.7,10116.05,10139.3,0
2018-10-26,10122.35,10032.65,10042.65,10012.65,0
2018-10-29,10078.1,10060.75,10256.6,10249.05,0
2018-10-30,10239.4,10235.1,10201.85,10190.2,0
2018-10-31,10209.55,10192.9,10387.5,10362.0,0
2018-11-01,10441.7,10377.3,10381.7,10381.15,0
2018-11-02,10462.3,10511.0,10554.3,10557.2,0
2018-11-05,10558.75,10541.35,10524.55,10526.15,0
2018-11-06,10552.0,10580.65,10533.3,10520.4,0
2018-11-07,10614.45,10594.8,10597.25,10600.25,0
2018-11-09,10614.7,10572.85,10592.5,10581.55,0
2018-11-12,10607.8,10636.85,10488.35,10479.55,0
2018-11-13,10451.9,10495.3,10588.65,10581.2,0
2018-11-14,10634.9,10598.5,10580.6,10568.15,0
2018-11-15,10580.6,10568.2,10621.0,10601.35,0
2018-11-16,10644.0,10663.8,10682.3,10680.85,0
2018-11-19,10731.25,10704.25,10760.4,10770.35,0
2018-11-20,10740.1,10730.2,10662.05,10647.55,0
2018-11-21,10670.95,10623.2,10600.3,10605.3,0
2018-11-22,10612.65,10630.15,10524.5,10522.3,0
2018-11-26,10568.3,10539.4,10635.6,10633.05,0
2018-11-27,10621.45,10625.45,10682.25,10685.25,0
2018-11-28,10708.75,10726.95,10730.05,10721.55,0
2018-11-29,10808.7,10806.25,10851.3,10875.85,0
2018-11-30,10892.1,10917.35,10869.75,10882.8,0
2018-12-03,10930.7,10917.6,10886.6,10889.8,0
2018-12-04,10877.1,10854.85,10870.05,10869.7,0
2018-12-05,10820.45,10800.65,10784.3,10790.35,0
2018-12-06,10718.15,10678.6,10594.75,10593.95,0
2018-12-07,10644.8,10634.65,10694.35,10702.2,0
2018-12-10,10523.35,10512.55,10493.05,10477.3,0
2018-12-11,10359.75,10356.75,10545.4,10557.9,0
2018-12-12,10589.2,10635.8,10732.7,10736.9,0
2018-12-13,10791.45,10797.65,10795.85,10788.5,0
2018-12-14,10784.5,10795.35,10813.25,10802.35,0
2018-12-17,10853.2,10858.0,10887.25,10885.05,0
2018-12-18,10848.6,10842.85,10913.15,10913.85,0
2018-12-19,10930.55,10945.8,10966.95,10961.2,0
2018-12-20,10885.2,10914.15,10959.15,10960.5,0
2018-12-21,10944.25,10940.2,10747.1,10754.85,0
2018-12-24,10780.9,10747.4,10665.45,10671.95,0
2018-12-26,10635.45,10552.05,10723.85,10741.95,0
2018-12-27,10817.9,10800.65,10781.05,10774.5,0
2018-12-28,10820.95,10875.15,10852.35,10858.9,0
2018-12-31,10913.2,10897.1,10864.1,10861.85,0
2019-01-01,10881.7,10843.8,10901.9,10913.95,0
2019-01-02,10868.85,10852.15,10790.6,10781.9,0
2019-01-03,10796.8,10804.55,10671.8,10667.7,0
2019-01-04,10699.7,10666.65,10724.8,10730.7,0
2019-01-07,10804.85,10795.0,10774.6,10770.65,0
2019-01-08,10786.25,10753.6,10809.85,10788.6,0
2019-01-09,10862.4,10859.65,10860.35,10849.8,0
2019-01-10,10859.35,10837.6,10822.15,10815.75,0
2019-01-11,10834.75,10841.9,10805.55,10783.55,0
2019-01-14,10807.0,10745.7,10738.55,10741.05,0
2019-01-15,10777.55,10821.0,10889.55,10884.55,0
2019-01-16,10899.65,10918.4,10893.25,10888.6,0
2019-01-17,10920.85,10910.3,10906.25,10890.1,0
2019-01-18,10914.85,10891.45,10902.2,10907.35,0
2019-01-21,10919.35,10953.1,10965.4,10949.4,0
2019-01-22,10949.8,10915.65,10925.75,10917.45,0
2019-01-23,10931.05,10929.05,10826.75,10822.15,0
2019-01-24,10844.05,10819.05,10860.15,10858.95,0
2019-01-25,10859.75,10913.3,10778.65,10775.45,0
2019-01-28,10792.45,10721.55,10654.9,10675.8,0
2019-01-29,10653.7,10657.5,10632.35,10679.1,0
2019-01-30,10702.25,10674.5,10654.3,10640.25,0
2019-01-31,10690.55,10694.6,10828.9,10817.35,0
2019-02-01,10851.35,10860.2,10891.3,10892.75,0
2019-02-04,10876.75,10839.8,10903.95,10909.05,0
2019-02-05,10908.65,10903.15,10934.1,10935.65,0
2019-02-06,10965.1,10997.9,11061.15,11068.45,0
2019-02-07,11070.45,11087.7,11074.3,11054.4,0
2019-02-08,11023.5,11027.1,10936.35,10932.6,0
2019-02-11,10930.9,10890.05,10885.9,10899.9,0
2019-02-12,10879.7,10881.7,10832.8,10828.4,0
2019-02-13,10870.55,10856.55,10788.5,10774.25,0
2019-02-14,10786.1,10770.75,10740.15,10759.8,0
2019-02-15,10780.25,10714.15,10727.9,10728.8,0
2019-02-18,10738.65,10671.25,10647.4,10631.3,0
2019-02-19,10636.7,10681.0,10604.2,10605.15,0
2019-02-20,10655.45,10689.2,10736.5,10742.25,0
2019-02-21,10744.1,10741.35,10785.15,10791.95,0
2019-02-22,10782.7,10764.9,10787.4,10789.7,0
2019-02-25,10813.25,10797.0,10884.9,10879.15,0
2019-02-26,10775.3,10780.7,10835.85,10829.0,0
2019-02-27,10881.2,10910.6,10808.6,10793.9,0
2019-02-28,10865.7,10818.15,10789.55,10801.8,0
2019-03-01,10842.65,10857.2,10862.6,10861.65,0
2019-03-05,10864.85,10854.1,10986.1,10985.7,0
2019-03-06,11024.85,11030.95,11050.65,11049.1,0
2019-03-07,11077.95,11054.9,11057.75,11053.05,0
2019-03-08,11038.85,11022.1,11036.65,11036.6,0
2019-03-11,11068.75,11125.05,11168.9,11175.85,0
2019-03-12,11231.35,11266.7,11302.1,11290.2,0
2019-03-13,11326.2,11316.85,11339.45,11342.35,0
2019-03-14,11382.5,11374.7,11344.1,11346.8,0
2019-03-15,11376.85,11419.7,11414.55,11431.85,0
2019-03-18,11473.85,11514.9,11461.3,11479.45,0
2019-03-19,11500.3,11467.45,11534.55,11539.9,0
2019-03-20,11551.95,11532.1,11519.9,11516.65,0
2019-03-22,11545.2,11564.2,11454.45,11462.6,0
2019-03-25,11383.95,11349.0,11353.6,11350.75,0
2019-03-26,11375.2,11394.3,11486.65,11493.0,0
2019-03-27,11531.45,11506.8,11449.35,11433.8,0
2019-03-28,11463.65,11482.8,11572.5,11581.5,0
2019-03-29,11625.45,11589.7,11621.7,11611.4,0
2019-04-01,11665.2,11688.3,11670.2,11655.6,0
2019-04-02,11711.55,11679.95,11708.3,11724.95,0
2019-04-03,11735.3,11746.1,11640.85,11637.7,0
2019-04-04,11660.2,11653.15,11591.65,11604.55,0
2019-04-05,11638.4,11647.65,11656.15,11684.1,0
2019-04-08,11704.35,11657.9,11602.9,11600.45,0
2019-04-09,11612.05,11600.9,11674.5,11677.2,0
2019-04-10,11645.6,11673.95,11584.65,11582.75,0
2019-04-11,11592.55,11595.6,11597.8,11603.0,0
2019-04-12,11612.85,11617.1,11645.35,11631.55,0
2019-04-15,11667.0,11654.25,11691.1,11687.65,0
2019-04-16,11736.2,11761.4,11781.95,11795.3,0
2019-04-18,11856.15,11794.4,11756.05,11746.85,0
2019-04-22,11727.05,11657.75,11593.5,11591.4,0
2019-04-23,11612.95,11636.05,11581.8,11579.2,0
2019-04-24,11601.5,11598.75,11731.95,11724.75,0
2019-04-25,11735.7,11740.4,11634.15,11651.5,0
2019-04-26,11683.75,11669.7,11755.15,11748.7,0
2019-04-30,11748.75,11700.6,11750.4,11739.1,0
2019-05-02,11725.55,11752.95,11726.6,11718.8,0
2019-05-03,11722.6,11738.45,11706.35,11709.9,0
2019-05-06,11605.8,11628.7,11597.55,11592.25,0
2019-05-07,11651.5,11621.8,11495.35,11495.45,0
2019-05-08,11478.7,11436.7,11357.0,11361.6,0
2019-05-09,11322.4,11297.75,11300.0,11297.9,0
2019-05-10,11314.15,11298.5,11285.75,11256.8,0
2019-05-13,11258.7,11245.95,11142.25,11154.7,0
2019-05-14,11151.65,11132.25,11234.7,11239.3,0
2019-05-15,11271.7,11248.75,11153.2,11142.5,0
2019-05-16,11180.35,11176.85,11255.4,11275.55,0
2019-05-17,11261.9,11304.45,11397.7,11417.25,0
2019-05-20,11651.9,11635.45,11825.3,11832.7,0
2019-05-21,11863.65,11848.35,11707.95,11712.05,0
2019-05-22,11727.95,11722.7,11738.35,11755.0,0
2019-05-23,11901.3,11913.2,11637.85,11682.5,0
2019-05-24,11748.0,11690.6,11839.05,11845.3,0
2019-05-27,11855.5,11872.0,11923.2,11920.5,0
2019-05-28,11958.35,11906.0,11928.95,11941.2,0
2019-05-29,11905.8,11912.25,11861.55,11861.95,0
2019-05-30,11865.3,11899.75,11944.85,11944.4,0
2019-05-31,11999.8,12024.8,11921.0,11918.25,0
2019-06-03,11953.75,11968.5,12088.4,12092.35,0
2019-06-04,12052.65,12074.75,12015.05,12036.2,0
2019-06-06,12039.8,11977.65,11846.15,11848.5,0
2019-06-07,11865.2,11797.3,11863.85,11863.75,0
2019-06-10,11934.9,11938.9,11922.0,11928.3,0
2019-06-11,11959.85,11921.9,11964.4,11962.85,0
2019-06-12,11962.45,11922.4,11903.9,11917.3,0
2019-06-13,11873.9,11870.35,11918.1,11905.55,0
2019-06-14,11910.1,11854.6,11807.05,11810.85,0
2019-06-17,11844.0,11766.85,11666.65,11674.0,0
2019-06-18,11677.05,11672.8,11696.05,11700.8,0
2019-06-19,11744.45,11781.5,11697.95,11706.8,0
2019-06-20,11653.65,11700.55,11838.15,11841.9,0
2019-06-21,11827.6,11781.9,11724.5,11732.95,0
2019-06-24,11725.8,11716.1,11694.45,11702.7,0
2019-06-25,11681.0,11688.15,11796.9,11776.9,0
2019-06-26,11768.15,11829.05,11849.4,11840.1,0
2019-06-27,11860.85,11866.05,11846.45,11843.75,0
2019-06-28,11861.15,11831.05,11787.05,11793.9,0
2019-07-01,11839.9,11844.6,11865.75,11864.55,0
2019-07-02,11890.3,11870.05,11912.5,11907.5,0
2019-07-03,11932.15,11918.9,11917.8,11913.55,0
2019-07-04,11928.8,11954.25,11949.25,11938.3,0
2019-07-05,11964.75,11972.95,11811.7,11802.05,0
2019-07-08,11770.4,11698.7,11559.35,11564.0,0
2019-07-09,11531.6,11514.5,11563.35,11552.7,0
2019-07-10,11536.15,11578.55,11496.5,11494.0,0
2019-07-11,11561.45,11525.95,11586.2,11575.6,0
2019-07-12,11601.15,11575.95,11547.85,11547.65,0
2019-07-15,11614.75,11576.95,11589.35,11587.65,0
2019-07-16,11596.65,11617.8,11667.5,11661.05,0
2019-07-17,11670.75,11674.0,11690.65,11686.25,0
2019-07-18,11675.6,11652.35,11594.05,11600.85,0
2019-07-19,11627.95,11570.95,11417.1,11437.15,0
2019-07-22,11392.85,11318.25,11358.0,11336.0,0
2019-07-23,11372.25,11332.35,11326.3,11328.45,0
2019-07-24,11322.45,11290.85,11267.15,11268.3,0
2019-07-25,11290.4,11359.75,11254.15,11261.75,0
2019-07-26,11247.45,11251.75,11284.2,11297.7,0
2019-07-29,11307.5,11255.4,11188.75,11192.15,0
2019-07-30,11213.7,11257.9,11086.5,11080.6,0
2019-07-31,11034.05,11059.05,11128.75,11113.8,0
2019-08-01,11060.2,11051.65,11004.35,10991.3,0
2019-08-02,10930.3,10875.85,11010.4,11000.35,0
2019-08-05,10895.8,10813.95,10858.4,10858.65,0
2019-08-06,10815.4,10903.55,10952.7,10931.4,0
2019-08-07,10958.1,10950.3,10858.05,10838.75,0
2019-08-08,10899.2,10846.15,11020.75,11048.0,0
2019-08-09,11087.9,11109.25,11110.85,11111.05,0
2019-08-13,11139.4,11068.25,10935.6,10922.35,0
2019-08-14,11003.25,10956.95,11038.7,11013.9,0
2019-08-16,11043.65,10968.55,11049.55,11042.5,0
2019-08-19,11094.8,11079.5,11055.3,11055.1,0
2019-08-20,11063.9,11056.45,11017.05,11023.55,0
2019-08-21,11018.15,10997.15,10917.75,10919.15,0
2019-08-22,10905.3,10880.4,10749.7,10736.4,0
2019-08-23,10699.6,10648.35,10828.3,10841.75,0
2019-08-26,11000.3,10862.65,11056.2,11057.85,0
2019-08-27,11106.55,11059.8,11104.75,11115.55,0
2019-08-28,11101.3,11095.8,11042.6,11043.85,0
2019-08-29,10996.05,10991.7,10937.25,10961.4,0
2019-08-30,10987.8,11019.0,11020.95,11033.85,0
2019-09-03,10960.95,10898.1,10807.7,10775.85,0
2019-09-04,10790.4,10784.05,10854.4,10836.85,0
2019-09-05,10860.95,10874.75,10852.1,10840.7,0
2019-09-06,10883.8,10894.85,10948.65,10941.0,0
2019-09-09,10936.7,10916.45,11002.45,11004.3,0
2019-09-11,11028.5,11040.6,11040.2,11018.95,0
2019-09-12,11058.3,11075.35,10976.75,10981.05,0
2019-09-13,10986.8,10985.7,11078.6,11081.35,0
2019-09-16,10994.85,11006.0,11004.8,10993.1,0
2019-09-17,11000.1,10969.3,10807.5,10826.9,0
2019-09-18,10872.8,10840.85,10836.3,10848.65,0
2019-09-19,10845.2,10787.25,10708.55,10696.75,0
2019-09-20,10746.8,10716.7,11279.7,11275.45,0
2019-09-23,11542.7,11537.8,11590.35,11595.5,0
2019-09-24,11590.7,11604.55,11582.6,11588.3,0
2019-09-25,11564.85,11496.1,11458.2,11431.2,0
2019-09-26,11469.85,11558.35,11567.8,11580.0,0
2019-09-27,11556.35,11557.1,11509.3,11512.5,0
2019-09-30,11491.15,11423.35,11469.45,11478.1,0
2019-10-01,11515.4,11498.5,11342.05,11367.35,0
2019-10-03,11322.25,11314.85,11310.6,11313.1,0
2019-10-04,11388.45,11360.2,11171.05,11163.85,0
2019-10-07,11196.2,11195.6,11117.9,11119.95,0
2019-10-09,11152.95,11135.35,11311.2,11319.6,0
2019-10-10,11280.5,11270.25,11233.85,11239.25,0
2019-10-11,11257.7,11340.8,11309.5,11301.25,0
2019-10-14,11335.9,11334.85,11322.7,11329.8,0
2019-10-15,11360.85,11371.15,11425.15,11430.6,0
2019-10-16,11464.95,11471.75,11471.4,11471.55,0
2019-10-17,11466.3,11466.85,11594.0,11582.3,0
2019-10-18,11580.3,11609.85,11664.05,11661.45,0
2019-10-22,11657.15,11673.7,11585.0,11589.9,0
2019-10-23,11596.2,11588.85,11604.6,11614.5,0
2019-10-24,11661.65,11638.65,11580.85,11585.15,0
2019-10-25,11646.15,11609.8,11584.05,11574.4,0
2019-10-27,11658.35,11639.6,11639.95,11628.0,0
2019-10-29,11643.95,11651.65,11787.0,11790.35,0
2019-10-30,11883.9,11809.1,11843.8,11849.8,0
2019-10-31,11890.45,11910.25,11890.05,11881.2,0
2019-11-01,11886.6,11883.95,11888.4,11899.5,0
2019-11-04,11928.9,11963.6,11936.9,11945.15,0
2019-11-05,11974.6,11945.6,11918.4,11918.6,0
2019-11-06,11911.5,11868.95,11965.3,11961.0,0
2019-11-07,12021.1,12012.55,12013.0,12016.1,0
2019-11-08,11987.15,11984.8,11908.5,11905.7,0
2019-11-11,11879.2,11904.7,11919.75,11912.75,0
2019-11-13,11908.3,11928.2,11842.1,11835.55,0
2019-11-14,11858.75,11803.85,11874.45,11869.2,0
2019-11-15,11904.2,11926.8,11891.2,11895.3,0
2019-11-18,11915.15,11910.85,11885.25,11894.25,0
2019-11-19,11919.45,11899.75,11935.6,11955.65,0
2019-11-20,12004.75,11977.95,12000.9,11993.45,0
2019-11-21,12025.65,11996.75,11970.7,11964.05,0
2019-11-22,11967.3,11944.35,11912.1,11916.1,0
2019-11-25,11922.45,11969.05,12077.05,12079.0,0
2019-11-26,12110.2,12113.95,12033.0,12046.8,0
2019-11-27,12068.5,12092.95,12098.75,12112.2,0
2019-11-28,12132.1,12112.1,12151.5,12155.4,0
2019-11-29,12146.2,12116.4,12056.25,12048.0,0
2019-12-02,12137.05,12106.95,12047.7,12048.25,0
2019-12-03,12067.65,12025.05,11994.95,12001.05,0
2019-12-04,11969.95,11999.6,12044.45,12037.3,0
2019-12-05,12071.25,12063.1,12031.25,12007.9,0
2019-12-06,12047.35,12038.8,11918.95,11914.15,0
2019-12-09,11939.1,11923.4,11938.6,11936.95,0
2019-12-10,11950.5,11926.15,11854.8,11861.25,0
2019-12-11,11867.35,11895.75,11913.8,11913.2,0
2019-12-12,11944.3,11968.35,11974.2,11968.7,0
2019-12-13,12031.3,12038.8,12094.55,12089.75,0
2019-12-16,12131.35,12078.15,12053.5,12060.5,0
2019-12-17,12082.45,12109.8,12166.55,12174.4,0
2019-12-18,12197.0,12194.6,12216.1,12227.45,0
2019-12-19,12223.4,12198.3,12257.7,12259.8,0
2019-12-20,12266.45,12288.8,12266.45,12267.45,0
2019-12-23,12235.45,12261.45,12263.9,12266.15,0
2019-12-24,12269.25,12278.1,12210.9,12212.0,0
2019-12-26,12211.85,12210.25,12131.1,12130.9,0
2019-12-27,12172.9,12180.2,12242.7,12250.7,0
2019-12-30,12274.9,12282.05,12257.9,12258.75,0
2019-12-31,12247.1,12214.2,12164.4,12176.3,0
2020-01-01,12202.15,12203.15,12182.45,12189.7,0
2020-01-02,12198.55,12213.7,12283.55,12282.35,0
2020-01-03,12261.1,12235.7,12226.6,12222.2,0
2020-01-06,12170.6,12083.0,11994.5,11988.1,0
2020-01-07,12079.1,12148.75,12055.25,12060.3,0
2020-01-08,11939.1,12023.5,12023.75,12021.6,0
2020-01-09,12153.15,12156.45,12218.55,12214.45,0
2020-01-10,12271.0,12238.25,12258.9,12256.5,0
2020-01-13,12296.7,12324.3,12331.0,12329.6,0
2020-01-14,12333.1,12330.6,12361.55,12360.05,0
2020-01-15,12349.4,12305.3,12348.9,12340.35,0
2020-01-16,12347.1,12378.25,12360.85,12354.05,0
2020-01-17,12328.4,12351.1,12350.7,12346.1,0
2020-01-20,12430.5,12354.15,12223.25,12230.75,0
2020-01-21,12195.3,12219.7,12167.75,12169.65,0
2020-01-22,12218.35,12192.8,12107.2,12108.15,0
2020-01-23,12123.75,12164.15,12181.45,12179.9,0
2020-01-24,12174.55,12216.65,12247.6,12252.15,0
2020-01-27,12197.1,12197.35,12122.9,12109.9,0
2020-01-28,12148.1,12150.6,12067.35,12061.95,0
2020-01-29,12114.9,12143.65,12133.95,12132.0,0
2020-01-30,12147.75,12072.5,12035.65,12023.8,0
2020-01-31,12100.4,12050.7,11958.4,11966.45,0
2020-02-01,11939.0,11961.1,11660.2,11643.65,0
2020-02-03,11627.45,11653.0,11695.95,11724.6,0
2020-02-04,11786.25,11828.15,11976.6,11981.3,0
2020-02-05,12005.85,12026.2,12087.4,12091.95,0
2020-02-06,12120.0,12150.85,12136.55,12133.25,0
2020-02-07,12151.15,12122.25,12100.9,12086.6,0
2020-02-10,12102.35,12046.45,12038.75,12035.3,0
2020-02-11,12108.4,12145.1,12114.35,12110.45,0
2020-02-12,12151.0,12206.8,12194.45,12203.9,0
2020-02-13,12219.55,12177.15,12174.5,12168.95,0
2020-02-14,12190.15,12226.7,12114.8,12113.35,0
2020-02-17,12131.8,12119.65,12042.7,12050.15,0
2020-02-18,12028.25,11962.35,12000.75,12008.05,0
2020-02-19,12090.6,12084.75,12123.5,12130.95,0
2020-02-20,12119.0,12119.9,12084.35,12083.1,0
2020-02-24,12012.55,11955.95,11831.45,11835.85,0
2020-02-25,11877.5,11839.2,11801.45,11814.35,0
2020-02-26,11738.55,11712.15,11689.0,11677.35,0
2020-02-27,11661.25,11593.9,11640.05,11619.95,0
2020-02-28,11382.0,11299.7,11197.7,11217.4,0
2020-03-02,11387.35,11364.9,11050.35,11149.2,0
2020-03-03,11217.55,11302.25,11298.25,11329.15,0
2020-03-04,11351.35,11303.3,11258.8,11256.3,0
2020-03-05,11306.05,11284.55,11261.95,11258.0,0
2020-03-06,10942.65,10960.05,10995.15,10981.0,0
2020-03-09,10742.05,10607.9,10466.6,10457.6,0
2020-03-11,10334.3,10457.4,10454.2,10454.1,0
2020-03-12,10039.95,9966.35,9567.3,9630.65,0
2020-03-13,9107.6,8624.05,9971.85,10020.45,0
2020-03-16,9587.8,9438.5,9175.1,9200.05,0
2020-03-17,9285.4,9266.4,8929.4,8965.3,0
2020-03-18,9088.45,8953.15,8450.2,8539.3,0
2020-03-19,8063.3,7967.05,8259.05,8267.9,0
2020-03-20,8284.45,8242.05,8740.95,8744.35,0
2020-03-23,7945.7,7955.4,7608.25,7636.65,0
2020-03-24,7848.3,7672.2,7830.75,7852.45,0
2020-03-25,7735.15,7767.9,8300.85,8300.45,0
2020-03-26,8451.0,8513.8,8622.2,8653.5,0
2020-03-27,8949.1,8966.7,8663.45,8673.5,0
2020-03-30,8385.95,8501.4,8305.6,8291.7,0
2020-03-31,8529.35,8436.35,8602.25,8556.15,0
2020-04-01,8584.1,8413.85,8252.05,8262.65,0
2020-04-03,8356.55,8151.15,8076.05,8106.45,0
2020-04-07,8446.3,8446.05,8810.5,8779.3,0
2020-04-08,8688.9,8894.55,8734.75,8752.4,0
2020-04-09,8973.05,9005.7,9115.55,9098.55,0
2020-04-13,9103.95,8932.45,8988.8,9006.65,0
2020-04-15,9196.4,9150.75,8925.35,8942.6,0
2020-04-16,8851.25,8917.9,8994.95,9016.6,0
2020-04-17,9323.45,9275.8,9273.35,9291.35,0
2020-04-20,9390.2,9264.5,9263.25,9262.0,0
2020-04-21,9016.95,9029.05,8986.1,8981.1,0
2020-04-22,9026.75,8954.6,9188.0,9193.35,0
2020-04-23,9232.35,9236.55,9315.5,9302.9,0
2020-04-24,9163.9,9195.75,9145.0,9174.0,0
2020-04-27,9259.7,9333.85,9284.75,9289.6,0
2020-04-28,9389.8,9308.2,9384.35,9401.7,0
2020-04-29,9408.6,9458.1,9552.2,9536.8,0
2020-04-30,9753.5,9810.75,9871.5,9851.85,0
2020-05-04,9533.5,9415.75,9278.35,9305.7,0
2020-05-05,9429.4,9430.1,9199.05,9222.9,0
2020-05-06,9226.8,9149.55,9270.65,9287.8,0
2020-05-07,9234.05,9235.4,9202.65,9212.95,0
2020-05-08,9376.95,9331.0,9248.15,9249.5,0
2020-05-11,9348.15,9422.3,9241.1,9247.2,0
2020-05-12,9168.85,9124.85,9168.95,9209.65,0
2020-05-13,9584.2,9377.9,9387.8,9383.25,0
2020-05-14,9213.95,9278.6,9136.8,9150.2,0
2020-05-15,9182.4,9115.2,9134.75,9128.95,0
2020-05-18,9158.3,8937.55,8823.05,8830.4,0
2020-05-19,8961.7,8935.45,8882.2,8890.55,0
2020-05-20,8889.15,8959.8,9062.3,9085.15,0
2020-05-21,9079.45,9118.5,9111.9,9102.2,0
2020-05-22,9067.9,9101.0,9032.45,9051.5,0
2020-05-26,9099.75,9142.6,9019.65,9046.1,0
2020-05-27,9082.2,9005.65,9321.25,9317.4,0
2020-05-28,9364.95,9411.2,9486.55,9488.0,0
2020-05-29,9422.2,9437.0,9590.3,9568.45,0
2020-06-01,9726.85,9817.45,9830.95,9812.2,0
2020-06-02,9880.85,9930.3,9977.3,9995.1,0
2020-06-03,10108.3,10115.4,10050.9,10068.05,0
2020-06-04,10054.25,10047.65,10025.6,10030.75,0
2020-06-05,10093.8,10131.25,10138.6,10168.2,0
2020-06-08,10326.75,10316.75,10164.2,10175.25,0
2020-06-09,10181.15,10165.2,10051.75,10026.25,0
2020-06-10,10072.6,10072.6,10129.3,10139.4,0
2020-06-11,10094.1,10088.85,9893.65,9910.15,0
2020-06-12,9544.95,9711.6,9974.7,9958.15,0
2020-06-15,9919.35,9892.1,9810.25,9818.05,0
2020-06-16,10014.8,9994.8,9915.35,9900.8,0
2020-06-17,9876.7,9919.45,9881.1,9876.85,0
2020-06-18,9863.25,9884.35,10082.95,10091.25,0
2020-06-19,10119.0,10088.1,10249.75,10254.05,0
2020-06-22,10318.75,10367.55,10317.55,10324.7,0
2020-06-23,10347.95,10337.75,10469.35,10482.75,0
2020-06-24,10529.25,10530.5,10302.25,10320.05,0
2020-06-25,10235.55,10272.75,10284.6,10284.35,0
2020-06-26,10378.9,10382.45,10379.3,10400.85,0
2020-06-29,10311.95,10267.05,10326.05,10315.1,0
2020-06-30,10382.6,10379.25,10301.85,10307.35,0
2020-07-01,10323.8,10328.55,10436.4,10419.45,0
2020-07-02,10493.05,10533.8,10546.55,10563.6,0
2020-07-03,10614.95,10575.45,10606.75,10602.7,0
2020-07-06,10723.85,10727.25,10766.2,10770.05,0
2020-07-07,10802.85,10770.35,10797.3,10787.5,0
2020-07-08,10818.65,10821.3,10708.85,10696.15,0
2020-07-09,10755.55,10762.2,10811.25,10833.45,0
2020-07-10,10764.1,10798.1,10761.1,10771.2,0
2020-07-13,10851.85,10870.75,10796.5,10814.75,0
2020-07-14,10750.85,10706.0,10610.3,10610.15,0
2020-07-15,10701.0,10727.6,10600.2,10637.9,0
2020-07-16,10706.2,10654.05,10746.05,10728.05,0
2020-07-17,10752.0,10795.6,10900.9,10930.8,0
2020-07-20,10999.45,11001.6,11032.2,11027.55,0
2020-07-21,11126.1,11148.0,11164.7,11173.1,0
2020-07-22,11231.2,11124.7,11133.9,11143.65,0
2020-07-23,11135.0,11172.85,11213.1,11234.6,0
2020-07-24,11149.95,11157.1,11202.8,11197.95,0
2020-07-27,11225.0,11143.05,11127.5,11124.5,0
2020-07-28,11154.1,11200.05,11301.9,11292.0,0
2020-07-29,11276.9,11277.15,11206.35,11197.2,0
2020-07-30,11254.3,11266.65,11107.9,11095.15,0
2020-07-31,11139.5,11130.55,11070.15,11090.15,0
2020-08-03,11057.55,10992.65,10892.65,10900.0,0
2020-08-04,10946.65,10947.1,11096.4,11102.5,0
2020-08-05,11155.75,11197.65,11103.9,11119.9,0
2020-08-06,11185.7,11166.8,11200.45,11206.8,0
2020-08-07,11186.65,11195.6,11213.45,11216.9,0
2020-08-10,11270.25,11320.55,11268.35,11274.65,0
2020-08-11,11322.25,11365.1,11323.2,11332.0,0
2020-08-12,11289.0,11281.8,11310.05,11310.75,0
2020-08-13,11334.85,11356.25,11297.65,11312.2,0
2020-08-14,11353.3,11344.1,11178.0,11183.05,0
2020-08-17,11248.9,11167.45,11241.7,11259.65,0
2020-08-18,11259.8,11320.35,11383.5,11391.2,0
2020-08-19,11452.15,11446.15,11403.9,11421.35,0
2020-08-20,11317.45,11336.35,11310.4,11308.3,0
2020-08-21,11409.65,11413.0,11369.05,11378.4,0
2020-08-24,11412.0,11439.5,11467.3,11472.9,0
2020-08-25,11513.1,11506.0,11470.0,11479.35,0
2020-08-26,11512.85,11495.25,11551.25,11551.7,0
2020-08-27,11609.3,11592.6,11555.6,11571.5,0
2020-08-28,11602.95,11625.85,11643.7,11657.1,0
2020-08-31,11777.55,11777.25,11402.4,11341.05,0
2020-09-01,11464.3,11482.25,11477.4,11494.1,0
2020-09-02,11478.55,11494.6,11529.8,11543.1,0
2020-09-03,11566.2,11555.65,11525.5,11535.7,0
2020-09-04,11354.4,11377.5,11343.25,11358.35,0
2020-09-07,11359.6,11262.95,11356.55,11377.0,0
2020-09-08,11378.55,11369.75,11325.4,11294.3,0
2020-09-09,11218.6,11266.85,11280.75,11285.75,0
2020-09-10,11363.3,11353.25,11452.55,11454.35,0
2020-09-11,11447.8,11448.6,11470.45,11454.85,0
2020-09-14,11540.15,11540.3,11446.5,11422.1,0
2020-09-15,11487.2,11499.4,11520.8,11532.15,0
2020-09-16,11538.45,11538.15,11599.95,11600.05,0
2020-09-17,11539.4,11571.15,11522.85,11519.25,0
2020-09-18,11584.1,11569.35,11508.4,11515.95,0
2020-09-21,11503.8,11500.45,11265.5,11221.65,0
2020-09-22,11301.75,11157.8,11161.5,11175.5,0
2020-09-23,11258.75,11220.05,11135.25,11135.9,0
2020-09-24,11011.0,10996.35,10800.45,10821.35,0
2020-09-25,10910.4,10924.4,11056.15,11035.8,0
2020-09-28,11140.85,11157.35,11226.45,11238.35,0
2020-09-29,11288.6,11271.75,11228.6,11222.65,0
2020-09-30,11244.45,11207.65,11247.65,11226.3,0
2020-10-01,11364.45,11373.3,11426.85,11422.4,0
2020-10-05,11487.8,11548.25,11501.5,11508.45,0
2020-10-06,11603.45,11593.1,11663.15,11660.4,0
2020-10-07,11679.25,11684.6,11732.6,11748.7,0
2020-10-08,11835.4,11876.05,11835.15,11833.15,0
2020-10-09,11852.05,11809.85,11911.6,11938.0,0
2020-10-12,11973.55,11994.95,11928.95,11936.2,0
2020-10-13,11934.65,11965.5,11939.5,11925.25,0
2020-10-14,11917.4,11843.3,11966.7,11966.45,0
2020-10-15,12023.45,11939.2,11665.75,11672.55,0
2020-10-16,11727.4,11736.4,11764.55,11770.25,0
2020-10-19,11879.2,11844.0,11877.8,11878.6,0
2020-10-20,11861.0,11909.25,11900.5,11898.7,0
2020-10-21,11958.55,12012.45,11950.75,11933.85,0
2020-10-22,11890.0,11896.85,11896.7,11902.25,0
2020-10-23,11957.9,11948.5,11930.85,11929.8,0
2020-10-26,11937.4,11903.65,11770.05,11776.9,0
2020-10-27,11807.1,11786.75,11884.4,11887.8,0
2020-10-28,11922.6,11901.05,11731.15,11727.35,0
2020-10-29,11633.3,11665.05,11679.0,11670.7,0
2020-10-30,11678.45,11735.55,11648.7,11646.45,0
2020-11-02,11697.35,11595.35,11656.95,11652.75,0
2020-11-03,11734.45,11783.05,11815.4,11807.65,0
2020-11-04,11783.35,11903.45,11910.55,11893.65,0
2020-11-05,12062.4,12062.5,12122.25,12127.6,0
2020-11-06,12156.65,12173.7,12265.25,12261.35,0
2020-11-09,12399.4,12437.0,12465.65,12468.15,0
2020-11-10,12556.4,12522.55,12625.3,12640.25,0
2020-11-11,12680.6,12762.6,12746.75,12757.2,0
2020-11-12,12702.15,12683.05,12692.85,12693.0,0
2020-11-13,12659.7,12628.55,12722.2,12723.1,0
2020-11-14,12823.35,12793.3,12793.05,12767.55,0
2020-11-17,12932.5,12847.75,12875.5,12878.9,0
2020-11-18,12860.1,12867.9,12943.1,12936.1,0
2020-11-19,12839.5,12945.1,12771.3,12760.6,0
2020-11-20,12813.4,12823.25,12866.35,12846.0,0
2020-11-23,12960.3,12883.9,12933.8,12928.15,0
2020-11-24,13002.6,13014.4,13050.8,13075.55,0
2020-11-25,13130.0,13122.75,12862.3,12858.7,0
2020-11-26,12906.45,12842.75,12988.35,13015.05,0
2020-11-27,13012.05,12970.25,12979.4,12942.85,0
2020-12-01,13062.2,13022.15,13107.15,13097.85,0
2020-12-02,13121.4,13114.35,13121.2,13104.15,0
2020-12-03,13215.3,13155.75,13138.45,13136.6,0
2020-12-04,13177.4,13209.65,13256.6,13270.7,0
2020-12-07,13264.85,13301.1,13358.25,13355.2,0
2020-12-08,13393.85,13417.45,13388.5,13389.3,0
2020-12-09,13458.1,13476.4,13532.7,13532.55,0
2020-12-10,13488.5,13427.5,13471.25,13481.55,0
2020-12-11,13512.3,13548.35,13518.05,13505.55,0
2020-12-14,13571.45,13571.0,13562.25,13554.85,0
2020-12-15,13547.2,13502.9,13571.75,13564.5,0
2020-12-16,13663.1,13658.35,13685.35,13672.75,0
2020-12-17,13713.55,13708.6,13744.6,13734.85,0
2020-12-18,13764.4,13711.3,13761.75,13744.1,0
2020-12-21,13741.9,13732.1,13338.9,13283.35,0
2020-12-22,13373.65,13220.2,13470.0,13460.8,0
2020-12-23,13473.5,13509.25,13605.2,13609.15,0
2020-12-24,13672.15,13704.35,13749.75,13740.4,0
2020-12-28,13815.15,13839.15,13871.8,13881.0,0
2020-12-29,13910.35,13956.45,13932.0,13926.9,0
2020-12-30,13980.9,13927.3,13985.7,13975.25,0
2020-12-31,13970.0,13987.8,13985.95,13967.0,0
2021-01-01,13996.1,14023.95,14016.15,14014.8,0
2021-01-04,14104.35,14093.8,14127.4,14143.65,0
2021-01-05,14075.15,14093.35,14207.65,14199.3,0
2021-01-06,14240.95,14201.05,14148.25,14134.05,0
2021-01-07,14253.75,14215.7,14136.55,14148.45,0
2021-01-08,14258.4,14238.75,14357.45,14343.9,0
2021-01-11,14474.05,14460.9,14487.15,14483.05,0
2021-01-12,14473.8,14497.55,14569.9,14574.75,0
2021-01-13,14639.8,14645.4,14575.45,14558.3,0
2021-01-14,14550.05,14494.15,14587.75,14597.5,0
2021-01-15,14594.35,14509.7,14432.3,14434.4,0
2021-01-18,14453.3,14361.65,14287.0,14230.2,0
2021-01-19,14371.65,14368.4,14527.3,14526.6,0
2021-01-20,14538.3,14558.2,14643.05,14622.45,0
2021-01-21,14730.95,14727.2,14586.7,14630.4,0
2021-01-22,14583.4,14590.2,14362.95,14366.8,0
2021-01-25,14477.8,14318.55,14240.5,14247.95,0
2021-01-27,14237.95,14150.3,13965.9,13964.25,0
2021-01-28,13810.4,13880.25,13823.25,13819.75,0
2021-01-29,13946.6,13853.0,13626.0,13660.8,0
2021-02-01,13758.6,13683.2,14268.1,14335.45,0
2021-02-02,14481.1,14657.75,14644.1,14671.2,0
2021-02-03,14754.9,14713.55,14793.55,14783.6,0
2021-02-04,14789.05,14771.8,14885.5,14889.5,0
2021-02-05,14952.6,14980.45,14919.65,14940.85,0
2021-02-08,15064.3,15096.5,15115.95,15129.45,0
2021-02-09,15164.15,15164.65,15115.05,15109.5,0
2021-02-10,15119.05,15120.8,15106.55,15137.8,0
2021-02-11,15073.25,15137.2,15172.75,15176.65,0
2021-02-12,15186.2,15194.75,15161.9,15164.7,0
2021-02-15,15270.3,15287.7,15317.25,15335.8,0
2021-02-16,15371.45,15419.1,15313.35,15317.95,0
2021-02-17,15279.9,15234.35,15216.55,15196.25,0
2021-02-18,15238.7,15221.1,15113.3,15120.2,0
2021-02-19,15074.8,15076.7,15006.7,15003.45,0
2021-02-22,14999.05,14985.95,14681.35,14640.9,0
2021-02-23,14782.25,14682.1,14725.95,14717.8,0
2021-02-24,14729.15,14764.05,14998.25,14989.1,0
2021-02-25,15079.85,15148.5,15095.7,15103.8,0
2021-02-26,14888.6,14872.85,14548.7,14523.15,0
2021-03-01,14702.5,14740.45,14761.25,14784.15,0
2021-03-02,14865.3,14882.35,14932.8,14941.8,0
2021-03-03,15064.4,15004.45,15248.45,15240.5,0
2021-03-04,15026.75,15016.25,15083.7,15087.15,0
2021-03-05,14977.95,15031.3,14954.9,14963.15,0
2021-03-08,15002.45,15033.0,14963.65,14962.85,0
2021-03-09,15049.9,15073.9,15114.55,15098.7,0
2021-03-10,15202.15,15179.05,15176.1,15168.15,0
2021-03-12,15321.15,15300.85,15029.95,15023.95,0
2021-03-15,15048.4,14822.65,14924.65,14920.9,0
2021-03-16,14996.1,14957.6,14900.5,14922.0,0
2021-03-17,14946.55,14913.9,14698.85,14709.25,0
2021-03-18,14855.5,14859.25,14586.15,14583.7,0
2021-03-19,14471.15,14420.7,14747.7,14733.55,0
2021-03-22,14736.3,14717.75,14756.3,14747.15,0
2021-03-23,14768.55,14799.3,14817.4,14807.3,0
2021-03-24,14712.45,14736.05,14549.6,14564.95,0
2021-03-25,14570.9,14445.95,14298.9,14346.4,0
2021-03-26,14506.3,14435.85,14496.15,14518.9,0
2021-03-30,14628.5,14688.15,14849.55,14855.0,0
2021-03-31,14811.85,14783.0,14693.4,14693.05,0
2021-04-01,14798.4,14774.95,14875.55,14865.95,0
2021-04-05,14837.7,14778.3,14632.3,14649.05,0
2021-04-06,14737.0,14729.8,14680.75,14700.8,0
2021-04-07,14716.45,14772.45,14818.35,14808.85,0
2021-04-08,14875.65,14937.4,14866.65,14877.5,0
2021-04-09,14882.65,14879.8,14832.85,14838.05,0
2021-04-12,14644.65,14487.95,14301.35,14349.6,0
2021-04-13,14364.9,14375.0,14509.25,14525.0,0
2021-04-15,14522.4,14472.9,14587.7,14589.4,0
2021-04-16,14599.6,14637.65,14618.0,14590.45,0
2021-04-19,14306.6,14206.55,14361.2,14362.95,0
2021-04-20,14526.7,14486.8,14314.95,14279.55,0
2021-04-22,14219.15,14246.95,14406.3,14398.7,0
2021-04-23,14326.35,14350.95,14341.25,14331.25,0
2021-04-26,14449.45,14513.1,14480.0,14489.05,0
2021-04-27,14493.8,14550.4,14654.35,14657.35,0
2021-04-28,14710.5,14746.45,14865.05,14850.3,0
2021-04-29,14979.0,15009.4,14893.45,14888.6,0
2021-04-30,14747.35,14831.5,14630.9,14617.55,0
2021-05-03,14481.05,14545.45,14628.8,14644.35,0
2021-05-04,14687.25,14620.35,14504.4,14506.85,0
2021-05-05,14604.15,14572.1,14621.0,14635.0,0
2021-05-06,14668.35,14677.45,14721.85,14733.2,0
2021-05-07,14816.85,14856.45,14827.3,14810.8,0
2021-05-10,14928.25,14915.1,14941.45,14949.4,0
2021-05-11,14789.7,14822.2,14854.75,14845.5,0
2021-05-12,14823.55,14768.9,14706.5,14698.75,0
2021-05-14,14749.4,14677.75,14672.65,14683.85,0
2021-05-17,14756.25,14769.0,14921.15,14924.1,0
2021-05-18,15067.2,15089.55,15104.6,15109.4,0
2021-05-19,15058.6,15105.2,15033.35,15019.2,0
2021-05-20,15042.6,15005.15,14906.45,14920.05,0
2021-05-21,14987.8,15040.7,15182.5,15183.55,0
2021-05-24,15211.35,15206.0,15203.2,15184.0,0
2021-05-25,15291.75,15263.95,15200.7,15218.15,0
2021-05-26,15257.05,15215.2,15302.8,15299.7,0
2021-05-27,15323.95,15294.35,15331.75,15370.15,0
2021-05-28,15421.2,15443.3,15437.2,15455.3,0
2021-05-31,15437.75,15442.65,15585.35,15576.0,0
2021-06-01,15629.65,15651.0,15575.0,15568.05,0
2021-06-02,15520.35,15520.75,15573.05,15590.0,0
2021-06-03,15655.55,15665.9,15695.65,15688.9,0
2021-06-04,15712.5,15714.85,15671.35,15670.65,0
2021-06-07,15725.1,15704.8,15752.0,15747.0,0
2021-06-08,15773.9,15711.85,15738.5,15741.85,0
2021-06-09,15766.3,15770.45,15638.9,15640.25,0
2021-06-10,15692.1,15699.9,15733.35,15745.15,0
2021-06-11,15796.45,15821.3,15799.5,15805.1,0
2021-06-14,15791.4,15680.6,15809.25,15809.7,0
2021-06-15,15866.95,15887.3,15877.0,15859.2,0
2021-06-16,15847.5,15851.5,15768.25,15755.7,0
2021-06-17,15648.3,15716.85,15704.55,15681.7,0
2021-06-18,15756.5,15666.7,15683.2,15719.85,0
2021-06-21,15525.85,15582.85,15744.8,15748.6,0
2021-06-22,15840.5,15876.55,15777.9,15765.15,0
2021-06-23,15862.8,15809.9,15684.4,15693.4,0
2021-06-24,15737.3,15756.35,15795.25,15793.7,0
2021-06-25,15839.35,15826.7,15866.35,15847.6,0
2021-06-28,15915.35,15860.75,15812.6,15825.0,0
2021-06-29,15807.5,15824.05,15744.35,15751.4,0
2021-06-30,15776.9,15781.25,15713.35,15730.65,0
2021-07-01,15755.05,15741.05,15677.35,15693.25,0
2021-07-02,15705.85,15673.15,15722.05,15729.0,0
2021-07-05,15793.4,15814.1,15839.4,15838.4,0
2021-07-06,15813.75,15861.7,15806.2,15816.4,0
2021-07-07,15819.6,15828.55,15880.95,15878.65,0
2021-07-08,15855.4,15875.6,15738.3,15728.0,0
2021-07-09,15688.25,15657.6,15686.3,15697.05,0
2021-07-12,15766.8,15756.35,15687.0,15689.5,0
2021-07-13,15794.0,15769.0,15816.15,15807.9,0
2021-07-14,15808.7,15784.85,15862.95,15845.35,0
2021-07-15,15872.15,15892.35,15920.3,15920.7,0
2021-07-16,15958.35,15953.7,15923.7,15923.6,0
2021-07-19,15754.5,15818.3,15751.1,15757.9,0
2021-07-20,15703.95,15664.6,15636.95,15624.5,0
2021-07-22,15736.6,15765.65,15819.55,15827.7,0
2021-07-23,15856.8,15787.95,15860.6,15850.8,0
2021-07-26,15849.3,15848.8,15823.25,15821.45,0
2021-07-27,15860.5,15852.25,15745.4,15747.2,0
2021-07-28,15761.55,15645.15,15713.1,15714.65,0
2021-07-29,15762.7,15747.55,15777.15,15784.85,0
2021-07-30,15800.6,15808.15,15749.05,15773.65,0
2021-08-02,15874.9,15853.05,15889.3,15887.5,0
2021-08-03,15951.55,15937.3,16125.7,16123.4,0
2021-08-04,16195.25,16246.1,16265.2,16253.0,0
2021-08-05,16288.95,16251.85,16283.45,16281.8,0
2021-08-06,16304.4,16307.55,16229.25,16254.7,0
2021-08-09,16281.35,16303.15,16259.9,16254.1,0
2021-08-10,16274.8,16312.2,16287.2,16268.3,0
2021-08-11,16327.3,16267.25,16282.2,16275.1,0
2021-08-12,16303.65,16302.1,16357.3,16361.35,0
2021-08-13,16385.7,16442.05,16524.45,16519.5,0
2021-08-16,16518.4,16509.25,16568.3,16547.05,0
2021-08-17,16545.25,16572.55,16622.0,16605.45,0
2021-08-18,16691.95,16670.4,16576.6,16550.4,0
2021-08-20,16382.5,16490.1,16460.55,16415.65,0
2021-08-23,16592.25,16531.7,16497.3,16488.3,0
2021-08-24,16561.4,16533.0,16624.95,16615.75,0
2021-08-25,16654.0,16668.9,16629.4,16635.4,0
2021-08-26,16627.95,16660.7,16640.05,16631.95,0
2021-08-27,16642.55,16598.5,16711.65,16691.55,0
2021-08-30,16775.85,16832.35,16933.45,16938.7,0
2021-08-31,16947.5,16925.4,17142.35,17131.35,0
2021-09-01,17185.6,17186.1,17068.5,17058.75,0
2021-09-02,17095.4,17113.5,17231.45,17233.85,0
2021-09-03,17262.45,17274.3,17320.6,17320.55,0
2021-09-06,17399.35,17397.75,17375.4,17379.65,0
2021-09-07,17401.55,17381.35,17361.95,17357.45,0
2021-09-08,17375.75,17367.95,17350.0,17370.7,0
2021-09-09,17312.85,17323.05,17365.0,17358.1,0
2021-09-13,17363.55,17328.4,17357.8,17350.7,0
2021-09-14,17420.35,17423.7,17376.0,17382.0,0
2021-09-15,17387.65,17417.25,17514.35,17518.3,0
2021-09-16,17539.2,17559.05,17625.55,17627.55,0
2021-09-17,17709.65,17725.1,17581.8,17602.2,0
2021-09-20,17443.85,17537.05,17417.4,17373.75,0
2021-09-21,17450.5,17463.75,17548.25,17564.1,0
2021-09-22,17580.9,17558.05,17536.4,17548.35,0
2021-09-23,17670.85,17682.8,17832.8,17826.3,0
2021-09-24,17897.45,17914.1,17866.35,17841.55,0
2021-09-27,17932.2,17939.7,17860.75,17855.1,0
2021-09-28,17906.45,17860.95,17769.7,17733.45,0
2021-09-29,17657.95,17639.35,17701.35,17708.55,0
2021-09-30,17718.9,17710.0,17629.05,17608.65,0
2021-10-01,17531.9,17517.85,17532.3,17526.35,0
2021-10-04,17615.55,17652.5,17697.85,17700.5,0
2021-10-05,17661.35,17680.65,17827.6,17829.3,0
2021-10-06,17861.5,17846.7,17651.9,17626.45,0
2021-10-07,17810.55,17817.9,17790.75,17797.15,0
2021-10-08,17886.85,17870.65,17895.85,17907.5,0
2021-10-11,17867.55,17946.25,17951.05,17953.7,0
2021-10-12,17915.8,17948.5,17991.45,18005.35,0
2021-10-13,18097.85,18089.35,18166.7,18165.75,0
2021-10-14,18272.85,18261.35,18339.95,18339.05,0
2021-10-18,18500.1,18471.95,18475.0,18476.25,0
2021-10-19,18602.35,18574.9,18403.9,18427.25,0
2021-10-20,18439.9,18395.35,18259.15,18282.75,0
2021-10-21,18382.7,18269.5,18168.3,18219.6,0
2021-10-22,18230.7,18308.1,18122.85,18111.5,0
2021-10-25,18229.5,18058.05,18120.95,18136.5,0
2021-10-26,18154.5,18224.7,18263.25,18308.95,0
2021-10-27,18295.85,18292.5,18226.9,18181.5,0
2021-10-28,18187.65,18070.45,17853.65,17862.9,0
2021-10-29,17833.05,17770.25,17647.75,17708.8,0
2021-11-01,17783.15,17765.5,17934.35,17945.25,0
2021-11-02,17970.9,17953.6,17895.8,17889.15,0
2021-11-03,17947.95,17970.65,17820.65,17833.0,0
2021-11-04,17935.05,17924.85,17924.6,17918.9,0
2021-11-08,18040.2,17872.45,18064.0,18080.7,0
2021-11-09,18084.35,18099.45,18043.75,18050.85,0
2021-11-10,17973.45,17932.8,18010.85,18010.1,0
2021-11-11,17967.45,17925.05,17867.4,17885.65,0
2021-11-12,17977.6,17952.9,18097.3,18098.65,0
2021-11-15,18140.95,18189.65,18106.45,18092.0,0
2021-11-16,18127.05,18045.35,18002.3,17964.35,0
2021-11-17,17939.35,17974.6,17894.9,17887.2,0
2021-11-18,17890.55,17853.95,17753.25,17745.25,0
2021-11-22,17796.25,17652.95,17395.5,17440.0,0
2021-11-23,17281.75,17399.2,17504.8,17495.1,0
2021-11-24,17550.05,17557.9,17413.8,17357.1,0
2021-11-25,17417.3,17419.45,17529.75,17547.0,0
2021-11-26,17338.75,17331.85,17017.1,17006.55,0
2021-11-29,17055.8,16987.6,17053.55,17039.7,0
2021-11-30,17051.15,17245.9,16982.45,16975.15,0
2021-12-01,17104.4,17123.55,17166.95,17185.95,0
2021-12-02,17183.2,17262.85,17404.1,17401.5,0
2021-12-03,17424.9,17421.25,17197.65,17210.3,0
2021-12-06,17209.05,17150.95,16909.85,16909.3,0
2021-12-07,17044.1,17074.4,17175.65,17180.5,0
2021-12-08,17315.25,17402.8,17472.45,17467.85,0
2021-12-09,17524.4,17472.4,17517.0,17502.65,0
2021-12-10,17476.05,17477.1,17522.35,17499.2,0
2021-12-13,17619.1,17626.1,17366.1,17384.5,0
2021-12-14,17283.2,17310.0,17322.15,17319.5,0
2021-12-15,17323.65,17257.4,17220.8,17208.3,0
2021-12-16,17373.0,17300.2,17237.15,17285.6,0
2021-12-17,17276.0,17140.3,16981.55,16994.05,0
2021-12-20,16824.25,16655.8,16619.1,16613.0,0
2021-12-21,16773.15,16790.55,16776.6,16786.9,0
2021-12-22,16865.55,16891.1,16947.65,16968.1,0
2021-12-23,17066.8,17090.6,17087.5,17051.35,0
2021-12-24,17149.5,16984.15,17002.7,16999.9,0
2021-12-27,16937.75,16912.5,17087.45,17101.95,0
2021-12-28,17177.6,17189.05,17239.1,17233.35,0
2021-12-29,17220.1,17263.5,17217.9,17189.55,0
2021-12-30,17201.45,17218.25,17211.0,17228.95,0
2021-12-31,17244.5,17339.75,17351.4,17364.25,0
2022-01-03,17387.15,17463.35,17622.6,17635.35,0
2022-01-04,17681.4,17657.4,17798.2,17807.35,0
2022-01-05,17820.1,17796.5,17935.4,17907.7,0
2022-01-06,17768.5,17726.75,17739.85,17746.0,0
2022-01-07,17797.6,17887.45,17810.2,17818.2,0
2022-01-10,17913.3,17914.05,18004.7,18005.45,0
2022-01-11,17997.75,17990.95,18058.45,18059.0,0
2022-01-12,18170.4,18171.6,18215.1,18197.6,0
2022-01-13,18257.0,18264.2,18269.15,18258.55,0
2022-01-14,18185.0,18223.9,18255.0,18235.5,0
2022-01-17,18235.65,18263.45,18304.15,18309.7,0
2022-01-18,18337.2,18256.95,18096.55,18113.8,0
2022-01-19,18129.2,17964.6,17945.25,17941.45,0
2022-01-20,17921.0,17910.45,17764.3,17782.95,0
2022-01-21,17613.7,17622.25,17615.05,17650.45,0
2022-01-24,17575.15,17470.35,17179.6,17112.45,0
2022-01-25,17001.55,17113.0,17286.85,17267.3,0
2022-01-27,17062.0,16960.05,17124.05,17149.3,0
2022-01-28,17208.3,17338.6,17089.2,17106.35,0
2022-01-31,17301.05,17344.0,17339.25,17338.3,0
2022-02-01,17529.45,17519.9,17562.8,17604.65,0
2022-02-02,17706.2,17729.25,17778.35,17791.6,0
2022-02-03,17767.75,17713.55,17569.65,17520.25,0
2022-02-04,17590.2,17579.0,17529.9,17503.0,0
2022-02-07,17456.3,17447.4,17220.1,17210.0,0
2022-02-08,17279.85,17236.95,17280.5,17240.35,0
2022-02-09,17370.1,17392.2,17460.4,17471.6,0
2022-02-10,17554.1,17458.2,17599.55,17586.95,0
2022-02-11,17451.0,17405.95,17386.35,17345.55,0
2022-02-14,17076.15,16975.35,16837.55,16819.7,0
2022-02-15,16933.25,16883.75,17351.6,17351.85,0
2022-02-16,17408.45,17360.7,17329.15,17293.05,0
2022-02-17,17396.55,17311.1,17284.15,17280.15,0
2022-02-18,17236.05,17258.85,17279.1,17268.75,0
2022-02-21,17192.25,17110.3,17195.05,17205.75,0
2022-02-22,16847.95,16874.5,17097.9,17080.6,0
2022-02-23,17194.5,17162.65,17046.7,17054.7,0
2022-02-24,16548.9,16550.3,16275.65,16217.75,0
2022-02-25,16515.65,16632.25,16655.9,16668.8,0
2022-02-28,16481.6,16456.4,16798.4,16789.45,0
2022-03-02,16593.1,16617.4,16607.15,16625.85,0
2022-03-03,16723.2,16658.0,16528.45,16508.75,0
2022-03-04,16339.45,16274.6,16245.8,16243.55,0
2022-03-07,15867.95,15796.75,15868.15,15881.05,0
2022-03-08,15747.75,15806.3,16017.6,16014.65,0
2022-03-09,16078.0,16124.85,16350.2,16366.9,0
2022-03-10,16757.1,16618.35,16615.65,16566.3,0
2022-03-11,16528.8,16643.25,16628.3,16620.5,0
2022-03-14,16633.7,16631.5,16873.35,16886.4,0
2022-03-15,16900.65,16845.55,16668.75,16645.0,0
2022-03-16,16876.65,16911.95,16978.7,16966.35,0
2022-03-17,17202.9,17200.75,17273.05,17299.4,0
2022-03-21,17329.5,17282.1,17124.2,17113.85,0
2022-03-22,17120.4,17068.95,17316.8,17329.8,0
2022-03-23,17405.05,17368.75,17254.55,17223.55,0
2022-03-24,17094.95,17209.6,17224.75,17197.3,0
2022-03-25,17289.0,17201.75,17134.8,17177.95,0
2022-03-28,17181.85,17069.05,17221.25,17214.7,0
2022-03-29,17297.2,17306.05,17317.95,17335.75,0
2022-03-30,17468.15,17437.1,17497.35,17471.6,0
2022-03-31,17519.2,17543.45,17467.35,17468.75,0
2022-04-01,17436.9,17495.35,17670.75,17688.35,0
2022-04-04,17809.1,17975.75,18059.6,18036.05,0
2022-04-05,18080.6,17985.45,17950.55,17930.75,0
2022-04-06,17842.75,17853.55,17811.1,17799.3,0
2022-04-07,17723.3,17721.1,17631.15,17655.15,0
2022-04-08,17698.15,17649.95,17767.8,17800.3,0
2022-04-11,17740.9,17671.15,17682.45,17679.65,0
2022-04-12,17584.85,17559.25,17528.85,17519.95,0
2022-04-13,17599.9,17626.8,17469.85,17467.45,0
2022-04-18,17183.45,17229.7,17179.3,17185.8,0
2022-04-19,17258.95,17184.2,16962.25,16869.15,0
2022-04-20,17045.25,17103.05,17126.4,17149.6,0
2022-04-21,17234.6,17250.65,17388.75,17400.1,0
2022-04-22,17242.75,17236.55,17174.15,17172.1,0
2022-04-25,17009.05,16994.95,16946.8,16983.2,0
2022-04-26,17121.3,17174.15,17211.95,17201.45,0
2022-04-27,17073.35,17069.4,17035.15,17037.65,0
2022-04-28,17189.5,17109.9,17225.1,17231.35,0
2022-04-29,17329.25,17300.75,17072.05,17111.6,0
2022-05-02,16924.45,17012.4,17068.55,17064.7,0
2022-05-04,17096.6,17059.15,16708.75,16694.7,0
2022-05-05,16854.75,16836.2,16682.95,16669.2,0
2022-05-06,16415.55,16467.9,16411.8,16438.25,0
